{
    "#female speakers": 684,
    "#male speakers": 730,
    "#speakers": 1414,
    "#total tokens": 97847,
    "#total unique tokens": 12215,
    "#total utts": 2251,
    "average_utt_len": 43.46823633940471,
    "max_utt_len": 70.0,
    "min_utt_len": 16.0,
    "average_utt_duration_sec": 16.022943219680144,
    "max_utt_duration_sec": 27.92,
    "min_utt_duration_sec": 15.54,
    "#books": 911,
    "#chapters": 1770,
    "hours": 10.018790329861108,
    "subset": {
        "clean": 1110,
        "other": 1141
    }
}