{
    "#female speakers": 974,
    "#male speakers": 1035,
    "#speakers": 2009,
    "#total tokens": 98258,
    "#total unique tokens": 12814,
    "#total utts": 7725,
    "average_utt_len": 12.71948220064725,
    "max_utt_len": 32.0,
    "min_utt_len": 1.0,
    "average_utt_duration_sec": 4.668885420711975,
    "max_utt_duration_sec": 7.32,
    "min_utt_duration_sec": 1.11,
    "#books": 1181,
    "#chapters": 3421,
    "hours": 10.018649965277795,
    "subset": {
        "other": 4660,
        "clean": 3065
    }
}