{
    "#female speakers": 695,
    "#male speakers": 694,
    "#speakers": 1389,
    "#total tokens": 93638,
    "#total unique tokens": 10047,
    "#total utts": 2943,
    "average_utt_len": 31.81719334012912,
    "max_utt_len": 57.0,
    "min_utt_len": 2.0,
    "average_utt_duration_sec": 12.244306659870878,
    "max_utt_duration_sec": 22.395,
    "min_utt_duration_sec": 1.65,
    "#books": 870,
    "#chapters": 1877,
    "hours": 10.009720694444448,
    "subset": {
        "clean": 1926,
        "other": 1017
    }
}