{
    "#female speakers": 685,
    "#male speakers": 684,
    "#speakers": 1369,
    "#total tokens": 93779,
    "#total unique tokens": 10178,
    "#total utts": 2963,
    "average_utt_len": 31.650016874789067,
    "max_utt_len": 61.0,
    "min_utt_len": 2.0,
    "average_utt_duration_sec": 12.159752341376983,
    "max_utt_duration_sec": 17.21,
    "min_utt_duration_sec": 1.57,
    "#books": 887,
    "#chapters": 1866,
    "hours": 10.008151718749993,
    "subset": {
        "other": 998,
        "clean": 1965
    }
}