{
    "#female speakers": 131,
    "#male speakers": 144,
    "#speakers": 275,
    "#total tokens": 8237,
    "#total unique tokens": 2378,
    "#total utts": 356,
    "average_utt_len": 23.1376404494382,
    "max_utt_len": 58.0,
    "min_utt_len": 2.0,
    "average_utt_duration_sec": 10.143722085674158,
    "max_utt_duration_sec": 16.2,
    "min_utt_duration_sec": 1.79,
    "#books": 243,
    "#chapters": 303,
    "hours": 1.0031014062500003,
    "subset": {
        "other": 115,
        "clean": 241
    },
    "pretrain_loss_sum": 3178.6967611312866,
    "pretrain_loss_avg": 8.92892348632384
}