{
    "#female speakers": 627,
    "#male speakers": 599,
    "#speakers": 1226,
    "#total tokens": 95759,
    "#total unique tokens": 12211,
    "#total utts": 3380,
    "average_utt_len": 28.331065088757395,
    "max_utt_len": 65.0,
    "min_utt_len": 1.0,
    "average_utt_duration_sec": 10.66083724112426,
    "max_utt_duration_sec": 21.01,
    "min_utt_duration_sec": 1.27,
    "#books": 856,
    "#chapters": 1819,
    "hours": 10.009341631944459,
    "subset": {
        "other": 2767,
        "clean": 613
    }
}