{
    "#female speakers": 99,
    "#male speakers": 102,
    "#speakers": 201,
    "#total tokens": 9463,
    "#total unique tokens": 2738,
    "#total utts": 218,
    "average_utt_len": 43.408256880733944,
    "max_utt_len": 74.0,
    "min_utt_len": 24.0,
    "average_utt_duration_sec": 16.517522935779816,
    "max_utt_duration_sec": 25.285,
    "min_utt_duration_sec": 15.02,
    "#books": 184,
    "#chapters": 207,
    "hours": 1.0002277777777782,
    "subset": {
        "other": 90,
        "clean": 128
    },
    "pretrain_loss_sum": 924273.0258789062,
    "pretrain_loss_avg": 4239.784522380304
}