{
    "#female speakers": 400,
    "#male speakers": 435,
    "#speakers": 835,
    "#total tokens": 9626,
    "#total unique tokens": 2844,
    "#total utts": 1274,
    "average_utt_len": 7.555729984301413,
    "max_utt_len": 17.0,
    "min_utt_len": 1.0,
    "average_utt_duration_sec": 2.853971840659341,
    "max_utt_duration_sec": 4.62,
    "min_utt_duration_sec": 1.13,
    "#books": 616,
    "#chapters": 985,
    "hours": 1.009988923611111,
    "subset": {
        "other": 798,
        "clean": 476
    },
    "pretrain_loss_sum": 821048.095123291,
    "pretrain_loss_avg": 644.4647528440274
}