{
    "#female speakers": 686,
    "#male speakers": 719,
    "#speakers": 1405,
    "#total tokens": 98304,
    "#total unique tokens": 12195,
    "#total utts": 2255,
    "average_utt_len": 43.59379157427938,
    "max_utt_len": 74.0,
    "min_utt_len": 9.0,
    "average_utt_duration_sec": 15.995376967849221,
    "max_utt_duration_sec": 23.39,
    "min_utt_duration_sec": 15.54,
    "#books": 890,
    "#chapters": 1753,
    "hours": 10.01932640625001,
    "subset": {
        "other": 1101,
        "clean": 1154
    }
}