{
    "#female speakers": 746,
    "#male speakers": 809,
    "#speakers": 1555,
    "#total tokens": 97779,
    "#total unique tokens": 12430,
    "#total utts": 2616,
    "average_utt_len": 37.37729357798165,
    "max_utt_len": 60.0,
    "min_utt_len": 12.0,
    "average_utt_duration_sec": 13.771142846903668,
    "max_utt_duration_sec": 14.23,
    "min_utt_duration_sec": 13.24,
    "#books": 979,
    "#chapters": 2021,
    "hours": 10.007030468750019,
    "subset": {
        "other": 1317,
        "clean": 1299
    }
}